station_id,scenario_id,scenario_name,duration_hours,delta_fuel_liters,total_unserved_kwh,critical_unserved_kwh,critical_survival,min_battery_soc_pct,min_reserve_margin_pct,min_continuity_horizon_h,min_indoor_temp_c,final_threat_state,primary_failure_signature
BHARATI,NORMAL_BASELINE,Normal Operational Baseline,48,0.0,0.0,0.0,PASSED,20.0,0.3,999.0,20.0,THREATENED,NOMINAL
BHARATI,CLOUDY_CONDITIONS,Cloudy Weather Conditions,48,0.0,0.0,0.0,PASSED,20.0,0.3,999.0,20.0,THREATENED,NOMINAL
BHARATI,HEAVY_CLOUD_LOW_IRRADIANCE,Heavy Cloud & Low Irradiance,48,0.0,0.0,0.0,PASSED,20.0,0.3,999.0,20.0,THREATENED,NOMINAL
BHARATI,HIGH_WIND,High Wind & Katabatic Gusts,48,-114.5,0.0,0.0,PASSED,20.0,6.7,999.0,20.0,THREATENED,NOMINAL
BHARATI,BLIZZARD,Polar Blizzard Storm,48,-224.15,0.0,0.0,PASSED,20.0,23.6,999.0,20.0,THREATENED,NOMINAL
BHARATI,EXTREME_COLD,Extreme Cold Wave,48,-1.04,0.0,0.0,PASSED,20.0,0.3,999.0,20.0,THREATENED,NOMINAL
BHARATI,LOW_DAYLIGHT,Low Daylight Exposure,48,0.0,0.0,0.0,PASSED,20.0,0.3,999.0,20.0,THREATENED,NOMINAL
BHARATI,POLAR_NIGHT,Astronomical Polar Night,48,0.0,0.0,0.0,PASSED,20.0,0.3,999.0,20.0,THREATENED,NOMINAL
BHARATI,SOLAR_GENERATION_FAILURE,Solar PV System Trip,48,0.0,0.0,0.0,PASSED,20.0,0.3,999.0,20.0,THREATENED,NOMINAL
BHARATI,WIND_GENERATION_FAILURE,Wind Turbine Mechanical Trip,48,89.52,30.63,0.0,PASSED,20.0,-3.2,0.0,19.7,THREATENED,BATTERY_DEPLETION
BHARATI,BATTERY_DEGRADATION,Battery Capacity Degradation,48,0.0,0.0,0.0,PASSED,20.0,0.3,999.0,20.0,THREATENED,NOMINAL
BHARATI,FUEL_RESUPPLY_DELAY,Fuel Resupply Delay (7 Days),48,0.0,0.0,0.0,PASSED,20.0,0.3,999.0,20.0,THREATENED,NOMINAL
BHARATI,COMBINED_POLAR_STRESS,Combined Polar Stress Disaster,48,88.75,30.64,0.0,PASSED,20.0,-3.2,0.0,19.6,THREATENED,BATTERY_DEPLETION
BHARATI,CUSTOM,Custom User Scenario,48,0.0,0.0,0.0,PASSED,20.0,0.3,999.0,20.0,THREATENED,NOMINAL
MAITRI,NORMAL_BASELINE,Normal Operational Baseline,48,0.0,243.45,0.0,PASSED,20.0,-15.0,0.0,17.0,THREATENED,BATTERY_DEPLETION
MAITRI,CLOUDY_CONDITIONS,Cloudy Weather Conditions,48,0.0,243.45,0.0,PASSED,20.0,-15.0,0.0,17.0,THREATENED,BATTERY_DEPLETION
MAITRI,HEAVY_CLOUD_LOW_IRRADIANCE,Heavy Cloud & Low Irradiance,48,0.0,243.45,0.0,PASSED,20.0,-15.0,0.0,17.0,THREATENED,BATTERY_DEPLETION
MAITRI,HIGH_WIND,High Wind & Katabatic Gusts,48,-22.98,81.57,0.0,PASSED,20.0,-10.9,0.0,18.4,THREATENED,BATTERY_DEPLETION
MAITRI,BLIZZARD,Polar Blizzard Storm,48,-73.35,0.27,0.0,PASSED,20.0,-0.4,0.0,19.6,THREATENED,BATTERY_DEPLETION
MAITRI,EXTREME_COLD,Extreme Cold Wave,48,-0.47,241.63,0.0,PASSED,20.0,-15.0,0.0,15.4,THREATENED,BATTERY_DEPLETION
MAITRI,LOW_DAYLIGHT,Low Daylight Exposure,48,0.0,243.45,0.0,PASSED,20.0,-15.0,0.0,17.0,THREATENED,BATTERY_DEPLETION
MAITRI,POLAR_NIGHT,Astronomical Polar Night,48,0.0,243.45,0.0,PASSED,20.0,-15.0,0.0,17.0,THREATENED,BATTERY_DEPLETION
MAITRI,SOLAR_GENERATION_FAILURE,Solar PV System Trip,48,0.0,243.45,0.0,PASSED,20.0,-15.0,0.0,17.0,THREATENED,BATTERY_DEPLETION
MAITRI,WIND_GENERATION_FAILURE,Wind Turbine Mechanical Trip,48,13.85,380.07,0.0,PASSED,20.0,-16.8,0.0,15.7,CRITICAL,BATTERY_DEPLETION
MAITRI,BATTERY_DEGRADATION,Battery Capacity Degradation,48,0.0,243.45,0.0,PASSED,20.0,-15.0,0.0,17.0,THREATENED,BATTERY_DEPLETION
MAITRI,FUEL_RESUPPLY_DELAY,Fuel Resupply Delay (7 Days),48,0.0,243.45,0.0,PASSED,20.0,-15.0,0.0,17.0,THREATENED,BATTERY_DEPLETION
MAITRI,COMBINED_POLAR_STRESS,Combined Polar Stress Disaster,48,14.19,376.33,0.0,PASSED,20.0,-16.8,0.0,14.0,CRITICAL,BATTERY_DEPLETION
MAITRI,CUSTOM,Custom User Scenario,48,0.0,243.45,0.0,PASSED,20.0,-15.0,0.0,17.0,THREATENED,BATTERY_DEPLETION
HIMADRI,NORMAL_BASELINE,Normal Operational Baseline,48,0.0,0.0,0.0,PASSED,20.0,12.2,999.0,20.0,THREATENED,NOMINAL
HIMADRI,CLOUDY_CONDITIONS,Cloudy Weather Conditions,48,0.0,0.0,0.0,PASSED,20.0,12.2,999.0,20.0,THREATENED,NOMINAL
HIMADRI,HEAVY_CLOUD_LOW_IRRADIANCE,Heavy Cloud & Low Irradiance,48,0.0,0.0,0.0,PASSED,20.0,12.2,999.0,20.0,THREATENED,NOMINAL
HIMADRI,HIGH_WIND,High Wind & Katabatic Gusts,48,-58.06,0.0,0.0,PASSED,20.0,19.6,999.0,20.0,THREATENED,NOMINAL
HIMADRI,BLIZZARD,Polar Blizzard Storm,48,-62.1,0.0,0.0,PASSED,20.0,9.4,999.0,20.0,THREATENED,NOMINAL
HIMADRI,EXTREME_COLD,Extreme Cold Wave,48,-0.39,0.0,0.0,PASSED,20.0,12.2,999.0,20.0,THREATENED,NOMINAL
HIMADRI,LOW_DAYLIGHT,Low Daylight Exposure,48,0.0,0.0,0.0,PASSED,20.0,12.2,999.0,20.0,THREATENED,NOMINAL
HIMADRI,POLAR_NIGHT,Astronomical Polar Night,48,0.0,0.0,0.0,PASSED,20.0,12.2,999.0,20.0,THREATENED,NOMINAL
HIMADRI,SOLAR_GENERATION_FAILURE,Solar PV System Trip,48,0.0,0.0,0.0,PASSED,20.0,12.2,999.0,20.0,THREATENED,NOMINAL
HIMADRI,WIND_GENERATION_FAILURE,Wind Turbine Mechanical Trip,48,62.15,0.0,0.0,PASSED,20.0,5.8,999.0,20.0,THREATENED,NOMINAL
HIMADRI,BATTERY_DEGRADATION,Battery Capacity Degradation,48,0.61,0.0,0.0,PASSED,20.0,12.2,999.0,20.0,THREATENED,NOMINAL
HIMADRI,FUEL_RESUPPLY_DELAY,Fuel Resupply Delay (7 Days),48,0.0,0.0,0.0,PASSED,20.0,12.2,999.0,20.0,THREATENED,NOMINAL
HIMADRI,COMBINED_POLAR_STRESS,Combined Polar Stress Disaster,48,61.88,0.0,0.0,PASSED,20.0,5.8,999.0,20.0,THREATENED,NOMINAL
HIMADRI,CUSTOM,Custom User Scenario,48,0.0,0.0,0.0,PASSED,20.0,12.2,999.0,20.0,THREATENED,NOMINAL
