timestamp,ambient_temperature_c,solar_irradiance_wm2,wind_speed_ms,solar_generation_kw,wind_generation_kw,total_renewable_kw,heating_load_kw,critical_load_kw,important_load_kw,operational_load_kw,flexible_load_kw,total_load_kw,battery_charge_kw,battery_discharge_kw,battery_soc,diesel_generation_kw,curtailment_kw,fuel_burned_liters,fuel_remaining_liters,provenance_tier
2025-01-01 00:00:00,-3.98,10.79,6.48,0.36,4.1,4.46,17.94,29.5,15.98,6.16,0.0,69.58,0.0,40.0,0.3025,25.12,0.0,11.53,114988.5,SYNTHETIC
2025-01-01 01:00:00,-4.05,0.0,7.34,0.0,6.17,6.17,18.01,29.5,15.98,6.16,0.0,69.65,0.0,12.3,0.2,51.19,0.0,18.83,114969.6,SYNTHETIC
2025-01-01 02:00:00,-4.16,0.0,7.73,0.0,7.28,7.28,18.12,29.5,15.98,6.16,0.0,69.76,0.0,0.0,0.2,62.48,0.0,21.99,114947.6,SYNTHETIC
2025-01-01 03:00:00,-3.94,4.43,8.77,0.15,10.84,10.98,17.9,29.5,15.98,6.16,0.0,69.54,0.0,0.0,0.2,58.56,0.0,20.9,114926.7,SYNTHETIC
2025-01-01 04:00:00,-4.25,43.0,9.08,1.43,12.08,13.5,18.2,29.5,15.98,6.16,0.0,69.84,0.0,0.0,0.2,56.34,0.0,20.27,114906.5,SYNTHETIC
2025-01-01 05:00:00,-3.51,79.92,9.53,2.63,14.03,16.67,17.48,29.5,15.98,6.16,0.0,69.12,0.0,0.0,0.2,52.45,0.0,19.19,114887.3,SYNTHETIC
2025-01-01 06:00:00,-3.68,165.51,10.04,5.41,16.48,21.89,17.65,29.5,15.98,6.16,0.0,69.29,0.0,0.0,0.2,47.4,0.0,17.77,114869.5,SYNTHETIC
2025-01-01 07:00:00,-4.04,231.3,10.61,7.51,19.54,27.05,18.0,29.5,21.62,10.56,0.0,79.68,0.0,0.0,0.2,52.63,0.0,19.24,114850.3,SYNTHETIC
2025-01-01 08:00:00,-3.81,314.59,9.28,10.12,12.92,23.04,17.77,29.5,21.62,10.56,0.0,79.45,0.0,0.0,0.2,56.41,0.0,20.29,114830.0,SYNTHETIC
2025-01-01 09:00:00,-4.03,392.79,8.52,12.53,9.9,22.43,17.99,29.5,21.62,10.56,0.0,79.67,0.0,0.0,0.2,57.24,0.0,20.53,114809.5,SYNTHETIC
2025-01-01 10:00:00,-4.68,427.01,9.09,13.61,12.12,25.72,18.62,29.5,21.62,10.56,0.0,80.3,0.0,0.0,0.2,54.58,0.0,19.78,114789.7,SYNTHETIC
2025-01-01 11:00:00,-4.74,437.56,8.02,13.93,8.18,22.11,18.68,29.5,21.62,10.56,0.0,80.36,0.0,0.0,0.2,58.25,0.0,20.81,114768.9,SYNTHETIC
2025-01-01 12:00:00,-5.0,463.29,7.72,14.72,7.25,21.97,18.94,29.5,21.62,10.56,0.0,80.62,0.0,0.0,0.2,58.65,0.0,20.92,114747.9,SYNTHETIC
2025-01-01 13:00:00,-4.6,433.9,7.49,13.81,6.58,20.39,18.55,29.5,21.62,10.56,0.0,80.23,0.0,0.0,0.2,59.84,0.0,21.26,114726.7,SYNTHETIC
2025-01-01 14:00:00,-4.95,420.68,7.96,13.43,7.99,21.41,18.89,29.5,21.62,10.56,0.0,80.57,0.0,0.0,0.2,59.16,0.0,21.06,114705.6,SYNTHETIC
2025-01-01 15:00:00,-4.52,378.07,6.65,12.11,4.47,16.57,18.47,29.5,21.62,10.56,0.0,80.15,0.0,0.0,0.2,63.58,0.0,22.3,114683.3,SYNTHETIC
2025-01-01 16:00:00,-4.92,288.81,6.5,9.35,4.14,13.5,18.86,29.5,21.62,10.56,0.0,80.54,0.0,0.0,0.2,67.04,0.0,23.27,114660.0,SYNTHETIC
2025-01-01 17:00:00,-4.92,230.84,5.9,7.52,2.99,10.51,18.86,29.5,21.62,10.56,0.0,80.54,0.0,0.0,0.2,70.03,0.0,24.11,114635.9,SYNTHETIC
2025-01-01 18:00:00,-4.47,160.43,5.63,5.26,2.53,7.79,18.42,29.5,21.62,10.56,0.0,80.1,0.0,0.0,0.2,72.31,0.0,24.75,114611.2,SYNTHETIC
2025-01-01 19:00:00,-4.37,89.45,7.14,2.95,5.64,8.59,18.32,29.5,21.62,10.56,0.0,80.0,0.0,0.0,0.2,71.41,0.0,24.49,114586.7,SYNTHETIC
2025-01-01 20:00:00,-4.74,53.33,7.92,1.77,7.86,9.63,18.68,29.5,21.62,10.56,0.0,80.36,0.0,0.0,0.2,70.73,0.0,24.3,114562.4,SYNTHETIC
2025-01-01 21:00:00,-4.14,2.37,7.65,0.08,7.04,7.12,18.1,29.5,21.62,10.56,0.0,79.78,0.0,0.0,0.2,72.66,0.0,24.84,114537.6,SYNTHETIC
2025-01-01 22:00:00,-3.92,0.0,7.97,0.0,8.02,8.02,17.88,29.5,15.98,6.16,0.0,69.52,0.0,0.0,0.2,61.5,0.0,21.72,114515.8,SYNTHETIC
2025-01-01 23:00:00,-3.2,0.0,6.31,0.0,3.75,3.75,17.18,29.5,15.98,6.16,0.0,68.82,0.0,0.0,0.2,65.07,0.0,22.72,114493.1,SYNTHETIC
2025-01-02 00:00:00,-3.67,0.01,7.34,0.0,6.17,6.17,17.64,29.5,15.98,6.16,0.0,69.28,0.0,0.0,0.2,63.11,0.0,22.17,114470.9,SYNTHETIC
2025-01-02 01:00:00,-3.87,0.0,7.39,0.0,6.3,6.3,17.83,29.5,15.98,6.16,0.0,69.47,0.0,0.0,0.2,63.17,0.0,22.19,114448.8,SYNTHETIC
2025-01-02 02:00:00,-3.96,0.0,6.7,0.0,4.58,4.58,17.92,29.5,15.98,6.16,0.0,69.56,0.0,0.0,0.2,64.98,0.0,22.69,114426.1,SYNTHETIC
2025-01-02 03:00:00,-3.25,3.16,7.59,0.1,6.87,6.97,17.23,29.5,15.98,6.16,0.0,68.87,0.0,0.0,0.2,61.9,0.0,21.83,114404.2,SYNTHETIC
2025-01-02 04:00:00,-3.48,48.81,7.3,1.61,6.06,7.67,17.45,29.5,15.98,6.16,0.0,69.09,0.0,0.0,0.2,61.42,0.0,21.7,114382.5,SYNTHETIC
2025-01-02 05:00:00,-4.14,94.81,7.3,3.13,6.06,9.19,18.1,29.5,15.98,6.16,0.0,69.74,0.0,0.0,0.2,60.55,0.0,21.46,114361.1,SYNTHETIC
2025-01-02 06:00:00,-3.71,172.94,7.74,5.65,7.31,12.96,17.68,29.5,15.98,6.16,0.0,69.32,0.0,0.0,0.2,56.36,0.0,20.28,114340.8,SYNTHETIC
2025-01-02 07:00:00,-3.73,261.36,9.18,8.45,12.49,20.95,17.7,29.5,21.62,10.56,0.0,79.38,0.0,0.0,0.2,58.43,0.0,20.86,114319.9,SYNTHETIC
2025-01-02 08:00:00,-3.94,322.91,9.64,10.38,14.54,24.92,17.9,29.5,21.62,10.56,0.0,79.58,0.0,0.0,0.2,54.66,0.0,19.8,114300.1,SYNTHETIC
2025-01-02 09:00:00,-3.96,417.37,9.62,13.28,14.45,27.73,17.92,29.5,21.62,10.56,0.0,79.6,0.0,0.0,0.2,51.87,0.0,19.02,114281.1,SYNTHETIC
2025-01-02 10:00:00,-4.76,455.45,8.83,14.47,11.07,25.54,18.7,29.5,21.62,10.56,0.0,80.38,0.0,0.0,0.2,54.84,0.0,19.86,114261.2,SYNTHETIC
2025-01-02 11:00:00,-4.31,490.8,8.54,15.51,9.97,25.48,18.26,29.5,21.62,10.56,0.0,79.94,0.0,0.0,0.2,54.46,0.0,19.75,114241.5,SYNTHETIC
2025-01-02 12:00:00,-4.0,490.51,8.36,15.48,9.33,24.81,17.96,29.5,21.62,10.56,0.0,79.64,0.0,0.0,0.2,54.83,0.0,19.85,114221.6,SYNTHETIC
2025-01-02 13:00:00,-3.84,492.61,10.38,15.53,18.26,33.8,17.8,29.5,21.62,10.56,0.0,79.48,0.0,0.0,0.2,45.68,0.0,17.29,114204.4,SYNTHETIC
2025-01-02 14:00:00,-4.08,460.13,10.49,14.58,18.87,33.44,18.04,29.5,21.62,10.56,0.0,79.72,0.0,0.0,0.2,46.28,0.0,17.46,114186.9,SYNTHETIC
2025-01-02 15:00:00,-4.25,421.13,9.48,13.41,13.81,27.21,18.2,29.5,21.62,10.56,0.0,79.88,0.0,0.0,0.2,52.67,0.0,19.25,114167.6,SYNTHETIC
2025-01-02 16:00:00,-4.48,339.54,11.1,10.92,22.44,33.35,18.43,29.5,21.62,10.56,0.0,80.11,0.0,0.0,0.2,46.76,0.0,17.59,114150.1,SYNTHETIC
2025-01-02 17:00:00,-4.8,233.4,10.6,7.6,19.48,27.08,18.74,29.5,21.62,10.56,0.0,80.42,0.0,0.0,0.2,53.34,0.0,19.44,114130.6,SYNTHETIC
2025-01-02 18:00:00,-4.0,175.77,10.78,5.74,20.51,26.26,17.96,29.5,21.62,10.56,0.0,79.64,0.0,0.0,0.2,53.38,0.0,19.45,114111.2,SYNTHETIC
2025-01-02 19:00:00,-4.0,95.67,10.78,3.15,20.51,23.67,17.96,29.5,21.62,10.56,0.0,79.64,0.0,0.0,0.2,55.97,0.0,20.17,114091.0,SYNTHETIC
2025-01-02 20:00:00,-3.79,46.23,10.64,1.53,19.71,21.24,17.75,29.5,21.62,10.56,0.0,79.43,0.0,0.0,0.2,58.19,0.0,20.79,114070.2,SYNTHETIC
2025-01-02 21:00:00,-4.11,33.11,11.73,1.1,25.0,26.1,18.07,29.5,21.62,10.56,0.0,79.75,0.0,0.0,0.2,53.65,0.0,19.52,114050.7,SYNTHETIC
2025-01-02 22:00:00,-4.45,0.0,12.42,0.0,25.0,25.0,18.4,29.5,15.98,6.16,0.0,70.04,0.0,0.0,0.2,45.04,0.0,17.11,114033.6,SYNTHETIC
2025-01-02 23:00:00,-4.31,6.32,11.22,0.21,23.19,23.4,18.26,29.5,15.98,6.16,0.0,69.9,0.0,0.0,0.2,46.5,0.0,17.52,114016.1,SYNTHETIC
2025-01-03 00:00:00,-4.29,0.31,10.8,0.01,20.63,20.64,18.24,29.5,15.98,6.16,0.0,69.88,0.0,0.0,0.2,49.24,0.0,18.29,113997.8,SYNTHETIC
2025-01-03 01:00:00,-3.81,3.49,10.86,0.12,20.98,21.1,17.77,29.5,15.98,6.16,0.0,69.41,0.0,0.0,0.2,48.31,0.0,18.03,113979.7,SYNTHETIC
2025-01-03 02:00:00,-4.65,0.0,11.36,0.0,24.08,24.08,18.6,29.5,15.98,6.16,0.0,70.24,0.0,0.0,0.2,46.16,0.0,17.42,113962.3,SYNTHETIC
2025-01-03 03:00:00,-4.78,23.78,11.6,0.79,25.0,25.79,18.72,29.5,15.98,6.16,0.0,70.36,0.0,0.0,0.2,44.57,0.0,16.98,113945.3,SYNTHETIC
2025-01-03 04:00:00,-4.4,40.5,12.01,1.34,25.0,26.34,18.35,29.5,15.98,6.16,0.0,69.99,0.0,0.0,0.2,43.65,0.0,16.72,113928.6,SYNTHETIC
2025-01-03 05:00:00,-4.47,68.29,12.36,2.26,25.0,27.26,18.42,29.5,15.98,6.16,0.0,70.06,0.0,0.0,0.2,42.8,0.0,16.48,113912.1,SYNTHETIC
2025-01-03 06:00:00,-4.08,138.7,10.79,4.55,20.57,25.12,18.04,29.5,15.98,6.16,0.0,69.68,0.0,0.0,0.2,44.56,0.0,16.98,113895.2,SYNTHETIC
2025-01-03 07:00:00,-4.62,179.17,10.05,5.87,16.54,22.4,18.57,29.5,21.62,10.56,0.0,80.25,0.0,0.0,0.2,57.85,0.0,20.7,113874.5,SYNTHETIC
2025-01-03 08:00:00,-4.62,250.99,10.85,8.15,20.92,29.08,18.57,29.5,21.62,10.56,0.0,80.25,0.0,0.0,0.2,51.17,0.0,18.83,113855.6,SYNTHETIC
2025-01-03 09:00:00,-5.52,312.32,11.95,10.11,25.0,35.11,19.45,29.5,21.62,10.56,0.0,81.13,0.0,0.0,0.2,46.02,0.0,17.39,113838.2,SYNTHETIC
2025-01-03 10:00:00,-5.66,420.04,11.97,13.44,25.0,38.44,19.58,29.5,21.62,10.56,0.0,81.26,0.0,0.0,0.2,42.82,0.0,16.49,113821.8,SYNTHETIC
2025-01-03 11:00:00,-5.75,413.28,11.88,13.24,25.0,38.24,19.67,29.5,21.62,10.56,0.0,81.35,0.0,0.0,0.2,43.11,0.0,16.57,113805.2,SYNTHETIC
2025-01-03 12:00:00,-5.93,440.14,12.41,14.07,25.0,39.07,19.85,29.5,21.62,10.56,0.0,81.53,0.0,0.0,0.2,42.46,0.0,16.39,113788.8,SYNTHETIC
2025-01-03 13:00:00,-5.79,430.17,12.26,13.76,25.0,38.76,19.71,29.5,21.62,10.56,0.0,81.39,0.0,0.0,0.2,42.63,0.0,16.44,113772.4,SYNTHETIC
2025-01-03 14:00:00,-5.58,385.7,12.4,12.39,25.0,37.39,19.5,29.5,21.62,10.56,0.0,81.18,0.0,0.0,0.2,43.79,0.0,16.76,113755.6,SYNTHETIC
2025-01-03 15:00:00,-5.47,309.99,12.18,10.03,25.0,35.03,19.4,29.5,21.62,10.56,0.0,81.08,0.0,0.0,0.2,46.05,0.0,17.39,113738.2,SYNTHETIC
2025-01-03 16:00:00,-5.93,284.52,12.23,9.25,25.0,34.25,19.85,29.5,21.62,10.56,0.0,81.53,0.0,0.0,0.2,47.28,0.0,17.74,113720.5,SYNTHETIC
2025-01-03 17:00:00,-5.63,248.17,11.56,8.09,25.0,33.09,19.55,29.5,21.62,10.56,0.0,81.23,0.0,0.0,0.2,48.14,0.0,17.98,113702.5,SYNTHETIC
2025-01-03 18:00:00,-5.19,167.64,11.92,5.51,25.0,30.51,19.12,29.5,21.62,10.56,0.0,80.8,0.0,0.0,0.2,50.29,0.0,18.58,113683.9,SYNTHETIC
2025-01-03 19:00:00,-4.86,98.31,12.3,3.25,25.0,28.25,18.8,29.5,21.62,10.56,0.0,80.48,0.0,0.0,0.2,52.23,0.0,19.12,113664.8,SYNTHETIC
2025-01-03 20:00:00,-4.59,51.24,10.41,1.7,18.43,20.13,18.54,29.5,21.62,10.56,0.0,80.22,0.0,0.0,0.2,60.09,0.0,21.33,113643.4,SYNTHETIC
2025-01-03 21:00:00,-5.17,19.27,10.02,0.64,16.38,17.03,19.1,29.5,21.62,10.56,0.0,80.78,0.0,0.0,0.2,63.75,0.0,22.35,113621.1,SYNTHETIC
2025-01-03 22:00:00,-4.71,16.41,9.98,0.55,16.18,16.73,18.65,29.5,15.98,6.16,0.0,70.29,0.0,0.0,0.2,53.56,0.0,19.5,113601.6,SYNTHETIC
2025-01-03 23:00:00,-4.99,0.0,10.5,0.0,18.92,18.92,18.93,29.5,15.98,6.16,0.0,70.57,0.0,0.0,0.2,51.65,0.0,18.96,113582.6,SYNTHETIC
2025-01-04 00:00:00,-5.59,6.11,10.24,0.2,17.52,17.72,19.51,29.5,15.98,6.16,0.0,71.15,0.0,0.0,0.2,53.43,0.0,19.46,113563.2,SYNTHETIC
2025-01-04 01:00:00,-5.26,0.0,9.57,0.0,14.22,14.22,19.19,29.5,15.98,6.16,0.0,70.83,0.0,0.0,0.2,56.61,0.0,20.35,113542.8,SYNTHETIC
2025-01-04 02:00:00,-5.4,16.14,9.21,0.54,12.62,13.16,19.33,29.5,15.98,6.16,0.0,70.97,0.0,0.0,0.2,57.81,0.0,20.69,113522.1,SYNTHETIC
2025-01-04 03:00:00,-5.04,14.9,9.05,0.5,11.95,12.45,18.98,29.5,15.98,6.16,0.0,70.62,0.0,0.0,0.2,58.17,0.0,20.79,113501.4,SYNTHETIC
2025-01-04 04:00:00,-4.34,43.13,9.87,1.43,15.64,17.07,18.29,29.5,15.98,6.16,0.0,69.93,0.0,0.0,0.2,52.86,0.0,19.3,113482.1,SYNTHETIC
2025-01-04 05:00:00,-4.3,85.15,8.49,2.81,9.79,12.6,18.25,29.5,15.98,6.16,0.0,69.89,0.0,0.0,0.2,57.29,0.0,20.54,113461.5,SYNTHETIC
2025-01-04 06:00:00,-4.83,187.27,9.37,6.13,13.32,19.45,18.77,29.5,15.98,6.16,0.0,70.41,0.0,0.0,0.2,50.96,0.0,18.77,113442.7,SYNTHETIC
2025-01-04 07:00:00,-4.72,249.32,9.8,8.1,15.3,23.4,18.66,29.5,21.62,10.56,0.0,80.34,0.0,0.0,0.2,56.94,0.0,20.44,113422.3,SYNTHETIC
2025-01-04 08:00:00,-4.3,352.72,9.87,11.32,15.64,26.96,18.25,29.5,21.62,10.56,0.0,79.93,0.0,0.0,0.2,52.97,0.0,19.33,113403.0,SYNTHETIC
2025-01-04 09:00:00,-4.26,387.64,9.14,12.39,12.33,24.71,18.21,29.5,21.62,10.56,0.0,79.89,0.0,0.0,0.2,55.18,0.0,19.95,113383.0,SYNTHETIC
2025-01-04 10:00:00,-4.57,439.8,9.96,13.99,16.08,30.07,18.52,29.5,21.62,10.56,0.0,80.2,0.0,0.0,0.2,50.13,0.0,18.54,113364.5,SYNTHETIC
2025-01-04 11:00:00,-4.6,485.04,8.38,15.35,9.4,24.75,18.55,29.5,21.62,10.56,0.0,80.23,0.0,0.0,0.2,55.48,0.0,20.04,113344.4,SYNTHETIC
2025-01-04 12:00:00,-5.29,459.67,7.81,14.62,7.52,22.14,19.22,29.5,21.62,10.56,0.0,80.9,0.0,0.0,0.2,58.76,0.0,20.95,113323.5,SYNTHETIC
2025-01-04 13:00:00,-6.31,374.82,7.42,12.08,6.38,18.47,20.22,29.5,21.62,10.56,0.0,81.9,0.0,0.0,0.2,63.43,0.0,22.26,113301.2,SYNTHETIC
2025-01-04 14:00:00,-6.71,353.55,8.14,11.44,8.57,20.01,20.61,29.5,21.62,10.56,0.0,82.29,0.0,0.0,0.2,62.28,0.0,21.94,113279.3,SYNTHETIC
2025-01-04 15:00:00,-6.19,325.3,7.39,10.54,6.3,16.84,20.1,29.5,21.62,10.56,0.0,81.78,0.0,0.0,0.2,64.94,0.0,22.68,113256.6,SYNTHETIC
2025-01-04 16:00:00,-5.43,239.66,8.64,7.82,10.34,18.16,19.36,29.5,21.62,10.56,0.0,81.04,0.0,0.0,0.2,62.88,0.0,22.11,113234.5,SYNTHETIC
2025-01-04 17:00:00,-5.16,185.56,8.27,6.08,9.01,15.1,19.09,29.5,21.62,10.56,0.0,80.77,0.0,0.0,0.2,65.67,0.0,22.89,113211.6,SYNTHETIC
2025-01-04 18:00:00,-5.65,152.37,6.37,5.02,3.87,8.89,19.57,29.5,21.62,10.56,0.0,81.25,0.0,0.0,0.2,72.36,0.0,24.76,113186.9,SYNTHETIC
2025-01-04 19:00:00,-6.19,76.27,6.34,2.54,3.81,6.35,20.1,29.5,21.62,10.56,0.0,81.78,0.0,0.0,0.2,75.43,0.0,25.62,113161.2,SYNTHETIC
2025-01-04 20:00:00,-5.97,40.06,6.82,1.34,4.86,6.19,19.89,29.5,21.62,10.56,0.0,81.57,0.0,0.0,0.2,75.38,0.0,25.61,113135.6,SYNTHETIC
2025-01-04 21:00:00,-5.77,5.85,6.35,0.2,3.83,4.03,19.69,29.5,21.62,10.56,0.0,81.37,0.0,0.0,0.2,77.34,0.0,26.16,113109.5,SYNTHETIC
2025-01-04 22:00:00,-6.22,0.0,6.47,0.0,4.08,4.08,20.13,29.5,15.98,6.16,0.0,71.77,0.0,0.0,0.2,67.69,0.0,23.45,113086.0,SYNTHETIC
2025-01-04 23:00:00,-6.16,8.8,6.5,0.29,4.14,4.44,20.07,29.5,15.98,6.16,0.0,71.71,0.0,0.0,0.2,67.27,0.0,23.34,113062.7,SYNTHETIC
2025-01-05 00:00:00,-5.93,0.46,6.87,0.02,4.97,4.99,19.85,29.5,15.98,6.16,0.0,71.49,0.0,0.0,0.2,66.5,0.0,23.12,113039.6,SYNTHETIC
2025-01-05 01:00:00,-5.87,13.84,6.8,0.46,4.81,5.27,19.79,29.5,15.98,6.16,0.0,71.43,0.0,0.0,0.2,66.16,0.0,23.02,113016.5,SYNTHETIC
2025-01-05 02:00:00,-6.87,0.0,7.51,0.0,6.64,6.64,20.77,29.5,15.98,6.16,0.0,72.41,0.0,0.0,0.2,65.77,0.0,22.92,112993.6,SYNTHETIC
2025-01-05 03:00:00,-7.33,24.84,6.61,0.83,4.38,5.22,21.22,29.5,15.98,6.16,0.0,72.86,0.0,0.0,0.2,67.64,0.0,23.44,112970.2,SYNTHETIC
2025-01-05 04:00:00,-6.56,17.42,5.74,0.58,2.71,3.3,20.46,29.5,15.98,6.16,0.0,72.1,0.0,0.0,0.2,68.8,0.0,23.76,112946.4,SYNTHETIC
2025-01-05 05:00:00,-6.76,57.96,6.37,1.94,3.87,5.81,20.66,29.5,15.98,6.16,0.0,72.3,0.0,0.0,0.2,66.49,0.0,23.12,112923.3,SYNTHETIC
2025-01-05 06:00:00,-6.21,145.52,7.15,4.81,5.67,10.47,20.12,29.5,15.98,6.16,0.0,71.76,0.0,0.0,0.2,61.29,0.0,21.66,112901.6,SYNTHETIC
2025-01-05 07:00:00,-6.84,230.09,6.12,7.55,3.38,10.93,20.74,29.5,21.62,10.56,0.0,82.42,0.0,0.0,0.2,71.49,0.0,24.52,112877.1,SYNTHETIC
2025-01-05 08:00:00,-7.06,291.0,5.82,9.49,2.85,12.34,20.95,29.5,21.62,10.56,0.0,82.63,0.0,0.0,0.2,70.29,0.0,24.18,112852.9,SYNTHETIC
2025-01-05 09:00:00,-7.09,354.89,6.41,11.5,3.96,15.45,20.98,29.5,21.62,10.56,0.0,82.66,0.0,0.0,0.2,67.21,0.0,23.32,112829.6,SYNTHETIC
2025-01-05 10:00:00,-7.08,403.27,7.87,12.99,7.71,20.7,20.97,29.5,21.62,10.56,0.0,82.65,0.0,0.0,0.2,61.95,0.0,21.85,112807.8,SYNTHETIC
2025-01-05 11:00:00,-7.03,461.3,7.77,14.77,7.4,22.16,20.92,29.5,21.62,10.56,0.0,82.6,0.0,0.0,0.2,60.44,0.0,21.42,112786.4,SYNTHETIC
2025-01-05 12:00:00,-6.57,510.2,9.47,16.21,13.76,29.98,20.47,29.5,21.62,10.56,0.0,82.15,0.0,0.0,0.2,52.17,0.0,19.11,112767.3,SYNTHETIC
2025-01-05 13:00:00,-6.47,469.11,9.52,14.97,13.99,28.96,20.37,29.5,21.62,10.56,0.0,82.05,0.0,0.0,0.2,53.09,0.0,19.37,112747.9,SYNTHETIC
2025-01-05 14:00:00,-5.5,419.92,9.91,13.43,15.84,29.26,19.43,29.5,21.62,10.56,0.0,81.11,0.0,0.0,0.2,51.85,0.0,19.02,112728.9,SYNTHETIC
2025-01-05 15:00:00,-5.65,352.16,8.44,11.35,9.61,20.96,19.57,29.5,21.62,10.56,0.0,81.25,0.0,0.0,0.2,60.29,0.0,21.38,112707.5,SYNTHETIC
2025-01-05 16:00:00,-5.82,280.76,7.15,9.13,5.67,14.79,19.74,29.5,21.62,10.56,0.0,81.42,0.0,0.0,0.2,66.63,0.0,23.16,112684.3,SYNTHETIC
2025-01-05 17:00:00,-5.84,216.3,6.69,7.08,4.56,11.64,19.76,29.5,21.62,10.56,0.0,81.44,0.0,0.0,0.2,69.8,0.0,24.04,112660.3,SYNTHETIC
2025-01-05 18:00:00,-5.33,134.19,7.15,4.43,5.67,10.09,19.26,29.5,21.62,10.56,0.0,80.94,0.0,0.0,0.2,70.85,0.0,24.34,112636.0,SYNTHETIC
2025-01-05 19:00:00,-4.88,64.2,6.91,2.13,5.07,7.2,18.82,29.5,21.62,10.56,0.0,80.5,0.0,0.0,0.2,73.3,0.0,25.02,112610.9,SYNTHETIC
2025-01-05 20:00:00,-4.5,28.65,7.28,0.95,6.0,6.96,18.45,29.5,21.62,10.56,0.0,80.13,0.0,0.0,0.2,73.17,0.0,24.99,112585.9,SYNTHETIC
2025-01-05 21:00:00,-4.1,1.03,5.53,0.03,2.38,2.41,18.06,29.5,21.62,10.56,0.0,79.74,0.0,0.0,0.2,77.33,0.0,26.15,112559.8,SYNTHETIC
2025-01-05 22:00:00,-4.5,0.0,4.94,0.0,1.57,1.57,18.45,29.5,15.98,6.16,0.0,70.09,0.0,0.0,0.2,68.52,0.0,23.69,112536.1,SYNTHETIC
2025-01-05 23:00:00,-4.13,6.96,5.05,0.23,1.7,1.94,18.09,29.5,15.98,6.16,0.0,69.73,0.0,0.0,0.2,67.79,0.0,23.48,112512.6,SYNTHETIC
2025-01-06 00:00:00,-4.22,0.96,5.15,0.03,1.83,1.87,18.18,29.5,15.98,6.16,0.0,69.82,0.0,0.0,0.2,67.95,0.0,23.53,112489.1,SYNTHETIC
2025-01-06 01:00:00,-4.95,0.0,5.34,0.0,2.1,2.1,18.89,29.5,15.98,6.16,0.0,70.53,0.0,0.0,0.2,68.43,0.0,23.66,112465.4,SYNTHETIC
2025-01-06 02:00:00,-5.94,17.23,5.82,0.58,2.85,3.42,19.86,29.5,15.98,6.16,0.0,71.5,0.0,0.0,0.2,68.08,0.0,23.56,112441.9,SYNTHETIC
2025-01-06 03:00:00,-6.43,10.16,6.48,0.34,4.1,4.44,20.34,29.5,15.98,6.16,0.0,71.98,0.0,0.0,0.2,67.54,0.0,23.41,112418.5,SYNTHETIC
2025-01-06 04:00:00,-6.32,45.41,5.34,1.52,2.1,3.61,20.23,29.5,15.98,6.16,0.0,71.87,0.0,0.0,0.2,68.26,0.0,23.61,112394.8,SYNTHETIC
2025-01-06 05:00:00,-5.92,71.9,5.67,2.39,2.6,4.99,19.84,29.5,15.98,6.16,0.0,71.48,0.0,0.0,0.2,66.49,0.0,23.12,112371.7,SYNTHETIC
2025-01-06 06:00:00,-5.2,154.93,5.91,5.1,3.0,8.1,19.13,29.5,15.98,6.16,0.0,70.77,0.0,0.0,0.2,62.67,0.0,22.05,112349.7,SYNTHETIC
2025-01-06 07:00:00,-5.62,238.21,5.38,7.78,2.15,9.93,19.54,29.5,21.62,10.56,0.0,81.22,0.0,0.0,0.2,71.29,0.0,24.46,112325.2,SYNTHETIC
2025-01-06 08:00:00,-5.32,289.51,6.22,9.39,3.58,12.96,19.25,29.5,21.62,10.56,0.0,80.93,0.0,0.0,0.2,67.97,0.0,23.53,112301.7,SYNTHETIC
2025-01-06 09:00:00,-5.12,345.05,5.38,11.11,2.15,13.27,19.05,29.5,21.62,10.56,0.0,80.73,0.0,0.0,0.2,67.46,0.0,23.39,112278.3,SYNTHETIC
2025-01-06 10:00:00,-4.35,416.41,5.64,13.27,2.55,15.82,18.3,29.5,21.62,10.56,0.0,79.98,0.0,0.0,0.2,64.16,0.0,22.47,112255.8,SYNTHETIC
2025-01-06 11:00:00,-4.71,432.04,5.83,13.76,2.86,16.62,18.65,29.5,21.62,10.56,0.0,80.33,0.0,0.0,0.2,63.71,0.0,22.34,112233.5,SYNTHETIC
2025-01-06 12:00:00,-3.88,457.44,6.08,14.48,3.31,17.79,17.84,29.5,21.62,10.56,0.0,79.52,0.0,0.0,0.2,61.73,0.0,21.78,112211.7,SYNTHETIC
2025-01-06 13:00:00,-4.21,452.15,6.68,14.34,4.54,18.88,18.17,29.5,21.62,10.56,0.0,79.85,0.0,0.0,0.2,60.97,0.0,21.57,112190.1,SYNTHETIC
2025-01-06 14:00:00,-4.8,435.12,7.65,13.86,7.04,20.9,18.74,29.5,21.62,10.56,0.0,80.42,0.0,0.0,0.2,59.52,0.0,21.17,112169.0,SYNTHETIC
2025-01-06 15:00:00,-4.98,369.07,8.74,11.85,10.72,22.57,18.92,29.5,21.62,10.56,0.0,80.6,0.0,0.0,0.2,58.03,0.0,20.75,112148.2,SYNTHETIC
2025-01-06 16:00:00,-4.87,297.23,8.56,9.61,10.04,19.66,18.81,29.5,21.62,10.56,0.0,80.49,0.0,0.0,0.2,60.83,0.0,21.53,112126.7,SYNTHETIC
2025-01-06 17:00:00,-4.62,232.95,8.24,7.58,8.91,16.49,18.57,29.5,21.62,10.56,0.0,80.25,0.0,0.0,0.2,63.76,0.0,22.35,112104.3,SYNTHETIC
2025-01-06 18:00:00,-4.4,167.47,7.33,5.49,6.14,11.62,18.35,29.5,21.62,10.56,0.0,80.03,0.0,0.0,0.2,68.41,0.0,23.65,112080.7,SYNTHETIC
2025-01-06 19:00:00,-5.07,83.3,8.39,2.76,9.43,12.19,19.01,29.5,21.62,10.56,0.0,80.69,0.0,0.0,0.2,68.5,0.0,23.68,112057.0,SYNTHETIC
2025-01-06 20:00:00,-4.83,33.78,7.8,1.12,7.49,8.61,18.77,29.5,21.62,10.56,0.0,80.45,0.0,0.0,0.2,71.84,0.0,24.61,112032.4,SYNTHETIC
2025-01-06 21:00:00,-4.93,5.66,9.38,0.19,13.36,13.55,18.87,29.5,21.62,10.56,0.0,80.55,0.0,0.0,0.2,67.0,0.0,23.26,112009.1,SYNTHETIC
2025-01-06 22:00:00,-4.22,6.01,11.85,0.2,25.0,25.2,18.18,29.5,15.98,6.16,0.0,69.82,0.0,0.0,0.2,44.62,0.0,16.99,111992.1,SYNTHETIC
2025-01-06 23:00:00,-4.56,0.0,12.31,0.0,25.0,25.0,18.51,29.5,15.98,6.16,0.0,70.15,0.0,0.0,0.2,45.15,0.0,17.14,111975.0,SYNTHETIC
2025-01-07 00:00:00,-4.51,5.25,10.46,0.18,18.7,18.88,18.46,29.5,15.98,6.16,0.0,70.1,0.0,0.0,0.2,51.22,0.0,18.84,111956.2,SYNTHETIC
2025-01-07 01:00:00,-4.99,2.23,9.74,0.07,15.01,15.09,18.93,29.5,15.98,6.16,0.0,70.57,0.0,0.0,0.2,55.48,0.0,20.04,111936.1,SYNTHETIC
2025-01-07 02:00:00,-5.61,2.03,9.87,0.07,15.64,15.71,19.53,29.5,15.98,6.16,0.0,71.17,0.0,0.0,0.2,55.46,0.0,20.03,111916.1,SYNTHETIC
2025-01-07 03:00:00,-5.37,0.0,9.75,0.0,15.06,15.06,19.3,29.5,15.98,6.16,0.0,70.94,0.0,0.0,0.2,55.88,0.0,20.15,111895.9,SYNTHETIC
2025-01-07 04:00:00,-5.46,46.81,8.76,1.56,10.8,12.36,19.39,29.5,15.98,6.16,0.0,71.03,0.0,0.0,0.2,58.67,0.0,20.93,111875.0,SYNTHETIC
2025-01-07 05:00:00,-5.94,81.75,6.74,2.72,4.67,7.39,19.86,29.5,15.98,6.16,0.0,71.5,0.0,0.0,0.2,64.11,0.0,22.45,111852.6,SYNTHETIC
2025-01-07 06:00:00,-6.27,155.47,6.63,5.13,4.43,9.56,20.18,29.5,15.98,6.16,0.0,71.82,0.0,0.0,0.2,62.26,0.0,21.93,111830.6,SYNTHETIC
2025-01-07 07:00:00,-6.5,208.81,7.09,6.86,5.51,12.37,20.4,29.5,21.62,10.56,0.0,82.08,0.0,0.0,0.2,69.71,0.0,24.02,111806.6,SYNTHETIC
2025-01-07 08:00:00,-6.47,331.31,7.02,10.74,5.34,16.07,20.37,29.5,21.62,10.56,0.0,82.05,0.0,0.0,0.2,65.98,0.0,22.97,111783.6,SYNTHETIC
2025-01-07 09:00:00,-6.32,386.22,7.59,12.43,6.87,19.3,20.23,29.5,21.62,10.56,0.0,81.91,0.0,0.0,0.2,62.61,0.0,22.03,111761.6,SYNTHETIC
2025-01-07 10:00:00,-5.78,407.97,8.75,13.08,10.76,23.84,19.7,29.5,21.62,10.56,0.0,81.38,0.0,0.0,0.2,57.54,0.0,20.61,111741.0,SYNTHETIC
2025-01-07 11:00:00,-5.76,415.9,8.6,13.32,10.19,23.51,19.68,29.5,21.62,10.56,0.0,81.36,0.0,0.0,0.2,57.85,0.0,20.7,111720.3,SYNTHETIC
2025-01-07 12:00:00,-5.66,440.67,8.59,14.07,10.16,24.22,19.58,29.5,21.62,10.56,0.0,81.26,0.0,0.0,0.2,57.04,0.0,20.47,111699.8,SYNTHETIC
2025-01-07 13:00:00,-5.01,417.43,7.67,13.33,7.1,20.43,18.95,29.5,21.62,10.56,0.0,80.63,0.0,0.0,0.2,60.2,0.0,21.36,111678.5,SYNTHETIC
2025-01-07 14:00:00,-4.46,400.96,8.13,12.8,8.54,21.34,18.41,29.5,21.62,10.56,0.0,80.09,0.0,0.0,0.2,58.75,0.0,20.95,111657.5,SYNTHETIC
2025-01-07 15:00:00,-4.21,309.95,8.46,9.99,9.68,19.67,18.17,29.5,21.62,10.56,0.0,79.85,0.0,0.0,0.2,60.18,0.0,21.35,111636.2,SYNTHETIC
2025-01-07 16:00:00,-4.77,268.73,7.89,8.72,7.77,16.48,18.71,29.5,21.62,10.56,0.0,80.39,0.0,0.0,0.2,63.91,0.0,22.39,111613.8,SYNTHETIC
2025-01-07 17:00:00,-4.82,214.74,9.24,7.01,12.75,19.76,18.76,29.5,21.62,10.56,0.0,80.44,0.0,0.0,0.2,60.68,0.0,21.49,111592.3,SYNTHETIC
2025-01-07 18:00:00,-5.1,127.3,8.97,4.2,11.63,15.82,19.04,29.5,21.62,10.56,0.0,80.72,0.0,0.0,0.2,64.9,0.0,22.67,111569.6,SYNTHETIC
2025-01-07 19:00:00,-4.62,81.82,9.11,2.71,12.2,14.91,18.57,29.5,21.62,10.56,0.0,80.25,0.0,0.0,0.2,65.34,0.0,22.8,111546.8,SYNTHETIC
2025-01-07 20:00:00,-4.96,28.53,7.93,0.95,7.89,8.84,18.9,29.5,21.62,10.56,0.0,80.58,0.0,0.0,0.2,71.74,0.0,24.59,111522.2,SYNTHETIC
2025-01-07 21:00:00,-4.73,15.52,8.28,0.52,9.05,9.57,18.67,29.5,21.62,10.56,0.0,80.35,0.0,0.0,0.2,70.78,0.0,24.32,111497.9,SYNTHETIC
2025-01-07 22:00:00,-5.29,0.0,8.99,0.0,11.71,11.71,19.22,29.5,15.98,6.16,0.0,70.86,0.0,0.0,0.2,59.15,0.0,21.06,111476.9,SYNTHETIC
2025-01-07 23:00:00,-4.58,4.81,9.56,0.16,14.17,14.33,18.53,29.5,15.98,6.16,0.0,70.17,0.0,0.0,0.2,55.84,0.0,20.14,111456.7,SYNTHETIC
2025-01-08 00:00:00,-4.59,0.0,9.15,0.0,12.37,12.37,18.54,29.5,15.98,6.16,0.0,70.18,0.0,0.0,0.2,57.81,0.0,20.69,111436.0,SYNTHETIC
2025-01-08 01:00:00,-4.67,0.0,9.7,0.0,14.82,14.82,18.61,29.5,15.98,6.16,0.0,70.25,0.0,0.0,0.2,55.43,0.0,20.02,111416.0,SYNTHETIC
2025-01-08 02:00:00,-5.25,0.0,8.77,0.0,10.84,10.84,19.18,29.5,15.98,6.16,0.0,70.82,0.0,0.0,0.2,59.98,0.0,21.3,111394.7,SYNTHETIC
2025-01-08 03:00:00,-5.3,14.63,9.02,0.49,11.83,12.32,19.23,29.5,15.98,6.16,0.0,70.87,0.0,0.0,0.2,58.55,0.0,20.89,111373.8,SYNTHETIC
2025-01-08 04:00:00,-5.19,33.97,7.23,1.13,5.87,7.0,19.12,29.5,15.98,6.16,0.0,70.76,0.0,0.0,0.2,63.76,0.0,22.35,111351.5,SYNTHETIC
2025-01-08 05:00:00,-5.25,89.43,6.93,2.96,5.12,8.08,19.18,29.5,15.98,6.16,0.0,70.82,0.0,0.0,0.2,62.74,0.0,22.07,111329.4,SYNTHETIC
2025-01-08 06:00:00,-5.49,141.56,7.7,4.67,7.19,11.86,19.42,29.5,15.98,6.16,0.0,71.06,0.0,0.0,0.2,59.2,0.0,21.08,111308.3,SYNTHETIC
2025-01-08 07:00:00,-5.86,214.69,7.16,7.03,5.69,12.72,19.78,29.5,21.62,10.56,0.0,81.46,0.0,0.0,0.2,68.74,0.0,23.75,111284.6,SYNTHETIC
2025-01-08 08:00:00,-6.02,295.56,6.27,9.6,3.67,13.27,19.93,29.5,21.62,10.56,0.0,81.61,0.0,0.0,0.2,68.34,0.0,23.63,111260.9,SYNTHETIC
2025-01-08 09:00:00,-5.88,392.54,6.57,12.61,4.29,16.9,19.8,29.5,21.62,10.56,0.0,81.48,0.0,0.0,0.2,64.58,0.0,22.58,111238.4,SYNTHETIC
2025-01-08 10:00:00,-5.71,445.96,6.36,14.23,3.85,18.08,19.63,29.5,21.62,10.56,0.0,81.31,0.0,0.0,0.2,63.23,0.0,22.2,111216.2,SYNTHETIC
2025-01-08 11:00:00,-5.82,495.75,7.69,15.74,7.16,22.9,19.74,29.5,21.62,10.56,0.0,81.42,0.0,0.0,0.2,58.52,0.0,20.89,111195.3,SYNTHETIC
2025-01-08 12:00:00,-5.73,494.65,7.02,15.7,5.34,21.04,19.65,29.5,21.62,10.56,0.0,81.33,0.0,0.0,0.2,60.29,0.0,21.38,111173.9,SYNTHETIC
2025-01-08 13:00:00,-5.01,513.8,7.33,16.23,6.14,22.37,18.95,29.5,21.62,10.56,0.0,80.63,0.0,0.0,0.2,58.26,0.0,20.81,111153.1,SYNTHETIC
2025-01-08 14:00:00,-4.67,457.32,6.31,14.52,3.75,18.27,18.61,29.5,21.62,10.56,0.0,80.29,0.0,0.0,0.2,62.02,0.0,21.86,111131.2,SYNTHETIC
2025-01-08 15:00:00,-4.25,407.44,7.12,12.99,5.59,18.58,18.2,29.5,21.62,10.56,0.0,79.88,0.0,0.0,0.2,61.3,0.0,21.66,111109.6,SYNTHETIC
2025-01-08 16:00:00,-4.39,340.9,7.63,10.96,6.98,17.94,18.34,29.5,21.62,10.56,0.0,80.02,0.0,0.0,0.2,62.08,0.0,21.88,111087.7,SYNTHETIC
2025-01-08 17:00:00,-3.76,244.33,8.11,7.92,8.47,16.39,17.73,29.5,21.62,10.56,0.0,79.41,0.0,0.0,0.2,63.02,0.0,22.14,111065.5,SYNTHETIC
2025-01-08 18:00:00,-3.41,172.8,8.82,5.64,11.03,16.67,17.38,29.5,21.62,10.56,0.0,79.06,0.0,0.0,0.2,62.39,0.0,21.97,111043.6,SYNTHETIC
2025-01-08 19:00:00,-3.49,90.44,8.85,2.98,11.15,14.13,17.46,29.5,21.62,10.56,0.0,79.14,0.0,0.0,0.2,65.01,0.0,22.7,111020.8,SYNTHETIC
2025-01-08 20:00:00,-3.63,42.44,8.83,1.41,11.07,12.47,17.6,29.5,21.62,10.56,0.0,79.28,0.0,0.0,0.2,66.81,0.0,23.21,110997.6,SYNTHETIC
2025-01-08 21:00:00,-3.75,26.95,8.72,0.89,10.64,11.54,17.72,29.5,21.62,10.56,0.0,79.4,0.0,0.0,0.2,67.86,0.0,23.5,110974.1,SYNTHETIC
2025-01-08 22:00:00,-4.64,0.0,9.81,0.0,15.35,15.35,18.59,29.5,15.98,6.16,0.0,70.23,0.0,0.0,0.2,54.88,0.0,19.87,110954.3,SYNTHETIC
2025-01-08 23:00:00,-4.16,0.57,9.71,0.02,14.87,14.89,18.12,29.5,15.98,6.16,0.0,69.76,0.0,0.0,0.2,54.87,0.0,19.86,110934.4,SYNTHETIC
2025-01-09 00:00:00,-5.17,1.14,10.16,0.04,17.1,17.14,19.1,29.5,15.98,6.16,0.0,70.74,0.0,0.0,0.2,53.6,0.0,19.51,110914.9,SYNTHETIC
2025-01-09 01:00:00,-5.37,3.21,10.8,0.11,20.63,20.74,19.3,29.5,15.98,6.16,0.0,70.94,0.0,0.0,0.2,50.2,0.0,18.56,110896.3,SYNTHETIC
2025-01-09 02:00:00,-5.65,2.52,11.8,0.08,25.0,25.08,19.57,29.5,15.98,6.16,0.0,71.21,0.0,0.0,0.2,46.13,0.0,17.42,110878.9,SYNTHETIC
2025-01-09 03:00:00,-6.27,5.99,10.33,0.2,18.0,18.2,20.18,29.5,15.98,6.16,0.0,71.82,0.0,0.0,0.2,53.62,0.0,19.51,110859.4,SYNTHETIC
2025-01-09 04:00:00,-6.62,29.96,9.89,1.0,15.74,16.74,20.52,29.5,15.98,6.16,0.0,72.16,0.0,0.0,0.2,55.42,0.0,20.02,110839.4,SYNTHETIC
2025-01-09 05:00:00,-7.36,86.2,8.5,2.88,9.83,12.7,21.24,29.5,15.98,6.16,0.0,72.88,0.0,0.0,0.2,60.18,0.0,21.35,110818.0,SYNTHETIC
2025-01-09 06:00:00,-7.23,142.43,9.18,4.72,12.49,17.22,21.12,29.5,15.98,6.16,0.0,72.76,0.0,0.0,0.2,55.54,0.0,20.05,110798.0,SYNTHETIC
2025-01-09 07:00:00,-6.88,243.98,9.42,7.99,13.54,21.53,20.78,29.5,21.62,10.56,0.0,82.46,0.0,0.0,0.2,60.93,0.0,21.56,110776.4,SYNTHETIC
2025-01-09 08:00:00,-6.83,316.53,9.95,10.29,16.03,26.32,20.73,29.5,21.62,10.56,0.0,82.41,0.0,0.0,0.2,56.09,0.0,20.2,110756.2,SYNTHETIC
2025-01-09 09:00:00,-5.9,417.79,8.98,13.38,11.67,25.05,19.82,29.5,21.62,10.56,0.0,81.5,0.0,0.0,0.2,56.45,0.0,20.31,110735.9,SYNTHETIC
2025-01-09 10:00:00,-5.97,457.2,8.41,14.59,9.5,24.09,19.89,29.5,21.62,10.56,0.0,81.57,0.0,0.0,0.2,57.48,0.0,20.59,110715.3,SYNTHETIC
2025-01-09 11:00:00,-6.17,504.76,8.02,16.03,8.18,24.21,20.08,29.5,21.62,10.56,0.0,81.76,0.0,0.0,0.2,57.55,0.0,20.61,110694.7,SYNTHETIC
2025-01-09 12:00:00,-6.26,508.22,6.26,16.14,3.65,19.79,20.17,29.5,21.62,10.56,0.0,81.85,0.0,0.0,0.2,62.06,0.0,21.88,110672.8,SYNTHETIC
2025-01-09 13:00:00,-5.51,494.26,7.07,15.68,5.46,21.14,19.44,29.5,21.62,10.56,0.0,81.12,0.0,0.0,0.2,59.98,0.0,21.29,110651.5,SYNTHETIC
2025-01-09 14:00:00,-5.11,465.97,7.63,14.81,6.98,21.79,19.05,29.5,21.62,10.56,0.0,80.73,0.0,0.0,0.2,58.94,0.0,21.0,110630.5,SYNTHETIC
2025-01-09 15:00:00,-5.38,401.74,7.07,12.87,5.46,18.33,19.31,29.5,21.62,10.56,0.0,80.99,0.0,0.0,0.2,62.66,0.0,22.04,110608.5,SYNTHETIC
2025-01-09 16:00:00,-4.96,325.22,6.38,10.49,3.89,14.38,18.9,29.5,21.62,10.56,0.0,80.58,0.0,0.0,0.2,66.2,0.0,23.03,110585.5,SYNTHETIC
2025-01-09 17:00:00,-5.02,229.12,5.11,7.47,1.78,9.25,18.96,29.5,21.62,10.56,0.0,80.64,0.0,0.0,0.2,71.39,0.0,24.49,110561.0,SYNTHETIC
2025-01-09 18:00:00,-5.51,138.2,5.62,4.56,2.52,7.08,19.44,29.5,21.62,10.56,0.0,81.12,0.0,0.0,0.2,74.04,0.0,25.23,110535.7,SYNTHETIC
2025-01-09 19:00:00,-5.62,99.5,5.46,3.3,2.27,5.57,19.54,29.5,21.62,10.56,0.0,81.22,0.0,0.0,0.2,75.65,0.0,25.68,110510.1,SYNTHETIC
2025-01-09 20:00:00,-5.47,34.25,5.61,1.14,2.5,3.65,19.4,29.5,21.62,10.56,0.0,81.08,0.0,0.0,0.2,77.43,0.0,26.18,110483.9,SYNTHETIC
2025-01-09 21:00:00,-5.14,23.16,7.0,0.77,5.29,6.06,19.07,29.5,21.62,10.56,0.0,80.75,0.0,0.0,0.2,74.69,0.0,25.41,110458.5,SYNTHETIC
2025-01-09 22:00:00,-4.97,0.0,8.42,0.0,9.54,9.54,18.91,29.5,15.98,6.16,0.0,70.55,0.0,0.0,0.2,61.01,0.0,21.58,110436.9,SYNTHETIC
2025-01-09 23:00:00,-5.07,0.0,9.06,0.0,11.99,11.99,19.01,29.5,15.98,6.16,0.0,70.65,0.0,0.0,0.2,58.66,0.0,20.92,110416.0,SYNTHETIC
2025-01-10 00:00:00,-5.01,20.91,9.68,0.7,14.73,15.42,18.95,29.5,15.98,6.16,0.0,70.59,0.0,0.0,0.2,55.17,0.0,19.95,110396.0,SYNTHETIC
2025-01-10 01:00:00,-5.24,3.89,10.26,0.13,17.62,17.75,19.17,29.5,15.98,6.16,0.0,70.81,0.0,0.0,0.2,53.06,0.0,19.36,110376.7,SYNTHETIC
2025-01-10 02:00:00,-5.57,3.08,8.45,0.1,9.65,9.75,19.49,29.5,15.98,6.16,0.0,71.13,0.0,0.0,0.2,61.38,0.0,21.69,110355.0,SYNTHETIC
2025-01-10 03:00:00,-5.32,0.0,9.44,0.0,13.63,13.63,19.25,29.5,15.98,6.16,0.0,70.89,0.0,0.0,0.2,57.26,0.0,20.53,110334.4,SYNTHETIC
2025-01-10 04:00:00,-5.51,30.86,9.69,1.03,14.77,15.8,19.44,29.5,15.98,6.16,0.0,71.08,0.0,0.0,0.2,55.28,0.0,19.98,110314.5,SYNTHETIC
2025-01-10 05:00:00,-4.81,78.0,10.55,2.58,19.2,21.78,18.75,29.5,15.98,6.16,0.0,70.39,0.0,0.0,0.2,48.61,0.0,18.11,110296.3,SYNTHETIC
2025-01-10 06:00:00,-5.09,173.29,11.16,5.69,22.81,28.49,19.03,29.5,15.98,6.16,0.0,70.67,0.0,0.0,0.2,42.18,0.0,16.31,110280.0,SYNTHETIC
2025-01-10 07:00:00,-5.73,236.79,10.08,7.73,16.69,24.42,19.65,29.5,21.62,10.56,0.0,81.33,0.0,0.0,0.2,56.91,0.0,20.43,110259.6,SYNTHETIC
2025-01-10 08:00:00,-5.57,328.34,10.48,10.61,18.81,29.42,19.49,29.5,21.62,10.56,0.0,81.17,0.0,0.0,0.2,51.75,0.0,18.99,110240.6,SYNTHETIC
2025-01-10 09:00:00,-5.58,394.88,9.9,12.67,15.79,28.45,19.5,29.5,21.62,10.56,0.0,81.18,0.0,0.0,0.2,52.73,0.0,19.26,110221.4,SYNTHETIC
2025-01-10 10:00:00,-4.55,469.9,9.7,14.89,14.82,29.72,18.5,29.5,21.62,10.56,0.0,80.18,0.0,0.0,0.2,50.46,0.0,18.63,110202.7,SYNTHETIC
2025-01-10 11:00:00,-4.23,502.59,9.98,15.85,16.18,32.04,18.18,29.5,21.62,10.56,0.0,79.86,0.0,0.0,0.2,47.82,0.0,17.89,110184.8,SYNTHETIC
2025-01-10 12:00:00,-4.34,491.36,10.6,15.52,19.48,35.0,18.29,29.5,21.62,10.56,0.0,79.97,0.0,0.0,0.2,44.97,0.0,17.09,110167.7,SYNTHETIC
2025-01-10 13:00:00,-3.87,469.43,11.49,14.84,24.93,39.78,17.83,29.5,21.62,10.56,0.0,79.51,0.0,0.0,0.2,39.73,0.0,15.63,110152.1,SYNTHETIC
2025-01-10 14:00:00,-3.37,427.45,9.97,13.56,16.13,29.69,17.34,29.5,21.62,10.56,0.0,79.02,0.0,0.0,0.2,49.33,0.0,18.31,110133.8,SYNTHETIC
2025-01-10 15:00:00,-3.14,368.71,11.03,11.76,22.01,33.76,17.12,29.5,21.62,10.56,0.0,78.8,0.0,0.0,0.2,45.04,0.0,17.11,110116.7,SYNTHETIC
2025-01-10 16:00:00,-4.21,283.25,10.9,9.15,21.22,30.38,18.17,29.5,21.62,10.56,0.0,79.85,0.0,0.0,0.2,49.47,0.0,18.35,110098.3,SYNTHETIC
2025-01-10 17:00:00,-4.53,222.11,11.89,7.24,25.0,32.24,18.48,29.5,21.62,10.56,0.0,80.16,0.0,0.0,0.2,47.92,0.0,17.92,110080.4,SYNTHETIC
2025-01-10 18:00:00,-4.23,148.7,11.47,4.88,24.8,29.68,18.18,29.5,21.62,10.56,0.0,79.86,0.0,0.0,0.2,50.18,0.0,18.55,110061.9,SYNTHETIC
2025-01-10 19:00:00,-4.72,79.13,10.84,2.62,20.86,23.48,18.66,29.5,21.62,10.56,0.0,80.34,0.0,0.0,0.2,56.86,0.0,20.42,110041.4,SYNTHETIC
2025-01-10 20:00:00,-4.38,30.97,11.07,1.03,22.25,23.28,18.33,29.5,21.62,10.56,0.0,80.01,0.0,0.0,0.2,56.73,0.0,20.38,110021.1,SYNTHETIC
2025-01-10 21:00:00,-3.47,20.0,10.18,0.66,17.2,17.87,17.44,29.5,21.62,10.56,0.0,79.12,0.0,0.0,0.2,61.25,0.0,21.65,109999.4,SYNTHETIC
2025-01-10 22:00:00,-3.13,0.0,9.88,0.0,15.69,15.69,17.11,29.5,15.98,6.16,0.0,68.75,0.0,0.0,0.2,53.06,0.0,19.36,109980.1,SYNTHETIC
2025-01-10 23:00:00,-2.68,9.31,10.5,0.31,18.92,19.23,16.67,29.5,15.98,6.16,0.0,68.31,0.0,0.0,0.2,49.08,0.0,18.24,109961.8,SYNTHETIC
2025-01-11 00:00:00,-2.54,0.0,9.04,0.0,11.91,11.91,16.53,29.5,15.98,6.16,0.0,68.17,0.0,0.0,0.2,56.26,0.0,20.25,109941.6,SYNTHETIC
2025-01-11 01:00:00,-2.75,0.0,9.89,0.0,15.74,15.74,16.74,29.5,15.98,6.16,0.0,68.38,0.0,0.0,0.2,52.64,0.0,19.24,109922.3,SYNTHETIC
2025-01-11 02:00:00,-2.79,0.71,10.01,0.02,16.33,16.36,16.78,29.5,15.98,6.16,0.0,68.42,0.0,0.0,0.2,52.06,0.0,19.08,109903.2,SYNTHETIC
2025-01-11 03:00:00,-2.37,3.43,10.3,0.11,17.83,17.95,16.37,29.5,15.98,6.16,0.0,68.01,0.0,0.0,0.2,50.06,0.0,18.52,109884.7,SYNTHETIC
2025-01-11 04:00:00,-2.73,54.67,10.23,1.8,17.46,19.27,16.72,29.5,15.98,6.16,0.0,68.36,0.0,0.0,0.2,49.09,0.0,18.25,109866.5,SYNTHETIC
2025-01-11 05:00:00,-2.76,72.66,10.46,2.39,18.7,21.09,16.75,29.5,15.98,6.16,0.0,68.39,0.0,0.0,0.2,47.3,0.0,17.74,109848.7,SYNTHETIC
2025-01-11 06:00:00,-2.9,139.05,8.89,4.54,11.31,15.85,16.88,29.5,15.98,6.16,0.0,68.52,0.0,0.0,0.2,52.67,0.0,19.25,109829.5,SYNTHETIC
2025-01-11 07:00:00,-2.57,242.57,8.72,7.83,10.64,18.47,16.56,29.5,21.62,10.56,0.0,78.24,0.0,0.0,0.2,59.77,0.0,21.23,109808.3,SYNTHETIC
2025-01-11 08:00:00,-3.26,319.38,9.16,10.25,12.41,22.66,17.24,29.5,21.62,10.56,0.0,78.92,0.0,0.0,0.2,56.26,0.0,20.25,109788.0,SYNTHETIC
2025-01-11 09:00:00,-3.16,398.94,8.01,12.68,8.15,20.83,17.14,29.5,21.62,10.56,0.0,78.82,0.0,0.0,0.2,57.99,0.0,20.74,109767.3,SYNTHETIC
2025-01-11 10:00:00,-3.1,441.67,7.19,13.97,5.77,19.74,17.08,29.5,21.62,10.56,0.0,78.76,0.0,0.0,0.2,59.02,0.0,21.03,109746.2,SYNTHETIC
2025-01-11 11:00:00,-3.53,498.03,6.35,15.68,3.83,19.51,17.5,29.5,21.62,10.56,0.0,79.18,0.0,0.0,0.2,59.67,0.0,21.21,109725.0,SYNTHETIC
2025-01-11 12:00:00,-3.71,496.01,6.92,15.63,5.09,20.72,17.68,29.5,21.62,10.56,0.0,79.36,0.0,0.0,0.2,58.64,0.0,20.92,109704.1,SYNTHETIC
2025-01-11 13:00:00,-3.64,484.8,7.48,15.29,6.55,21.84,17.61,29.5,21.62,10.56,0.0,79.29,0.0,0.0,0.2,57.45,0.0,20.59,109683.5,SYNTHETIC
2025-01-11 14:00:00,-4.33,439.76,8.61,13.97,10.23,24.2,18.28,29.5,21.62,10.56,0.0,79.96,0.0,0.0,0.2,55.76,0.0,20.11,109663.4,SYNTHETIC
2025-01-11 15:00:00,-4.97,404.81,8.45,12.94,9.65,22.59,18.91,29.5,21.62,10.56,0.0,80.59,0.0,0.0,0.2,58.0,0.0,20.74,109642.7,SYNTHETIC
2025-01-11 16:00:00,-4.37,312.49,8.95,10.07,11.55,21.62,18.32,29.5,21.62,10.56,0.0,80.0,0.0,0.0,0.2,58.38,0.0,20.85,109621.8,SYNTHETIC
2025-01-11 17:00:00,-4.12,271.78,8.15,8.79,8.61,17.4,18.08,29.5,21.62,10.56,0.0,79.76,0.0,0.0,0.2,62.36,0.0,21.96,109599.9,SYNTHETIC
2025-01-11 18:00:00,-4.7,154.26,8.85,5.07,11.15,16.21,18.64,29.5,21.62,10.56,0.0,80.32,0.0,0.0,0.2,64.11,0.0,22.45,109577.4,SYNTHETIC
2025-01-11 19:00:00,-4.65,67.68,8.18,2.24,8.71,10.95,18.6,29.5,21.62,10.56,0.0,80.28,0.0,0.0,0.2,69.33,0.0,23.91,109553.5,SYNTHETIC
2025-01-11 20:00:00,-4.43,28.96,7.91,0.96,7.83,8.79,18.38,29.5,21.62,10.56,0.0,80.06,0.0,0.0,0.2,71.27,0.0,24.45,109529.1,SYNTHETIC
2025-01-11 21:00:00,-4.66,15.37,7.84,0.51,7.61,8.12,18.61,29.5,21.62,10.56,0.0,80.29,0.0,0.0,0.2,72.17,0.0,24.71,109504.3,SYNTHETIC
2025-01-11 22:00:00,-4.6,0.0,7.39,0.0,6.3,6.3,18.55,29.5,15.98,6.16,0.0,70.19,0.0,0.0,0.2,63.89,0.0,22.39,109482.0,SYNTHETIC
2025-01-11 23:00:00,-4.57,1.5,7.3,0.05,6.06,6.11,18.52,29.5,15.98,6.16,0.0,70.16,0.0,0.0,0.2,64.05,0.0,22.43,109459.5,SYNTHETIC
2025-01-12 00:00:00,-4.64,1.05,8.22,0.04,8.84,8.88,18.59,29.5,15.98,6.16,0.0,70.23,0.0,0.0,0.2,61.35,0.0,21.68,109437.8,SYNTHETIC
2025-01-12 01:00:00,-4.57,6.67,7.68,0.22,7.13,7.35,18.52,29.5,15.98,6.16,0.0,70.16,0.0,0.0,0.2,62.81,0.0,22.09,109415.8,SYNTHETIC
2025-01-12 02:00:00,-5.32,0.0,7.38,0.0,6.27,6.27,19.25,29.5,15.98,6.16,0.0,70.89,0.0,0.0,0.2,64.62,0.0,22.59,109393.2,SYNTHETIC
2025-01-12 03:00:00,-5.94,10.68,7.83,0.36,7.58,7.94,19.86,29.5,15.98,6.16,0.0,71.5,0.0,0.0,0.2,63.56,0.0,22.3,109370.9,SYNTHETIC
2025-01-12 04:00:00,-5.87,34.09,8.79,1.14,10.91,12.05,19.79,29.5,15.98,6.16,0.0,71.43,0.0,0.0,0.2,59.38,0.0,21.13,109349.7,SYNTHETIC
2025-01-12 05:00:00,-6.45,91.49,8.92,3.04,11.43,14.47,20.35,29.5,15.98,6.16,0.0,71.99,0.0,0.0,0.2,57.52,0.0,20.61,109329.1,SYNTHETIC
2025-01-12 06:00:00,-6.57,159.53,8.95,5.27,11.55,16.82,20.47,29.5,15.98,6.16,0.0,72.11,0.0,0.0,0.2,55.29,0.0,19.98,109309.2,SYNTHETIC
2025-01-12 07:00:00,-6.29,254.2,8.31,8.3,9.15,17.45,20.2,29.5,21.62,10.56,0.0,81.88,0.0,0.0,0.2,64.43,0.0,22.54,109286.6,SYNTHETIC
2025-01-12 08:00:00,-6.19,326.59,9.23,10.58,12.71,23.29,20.1,29.5,21.62,10.56,0.0,81.78,0.0,0.0,0.2,58.49,0.0,20.88,109265.7,SYNTHETIC
2025-01-12 09:00:00,-5.45,379.36,8.51,12.18,9.86,22.05,19.38,29.5,21.62,10.56,0.0,81.06,0.0,0.0,0.2,59.01,0.0,21.02,109244.7,SYNTHETIC
2025-01-12 10:00:00,-5.35,408.28,9.29,13.07,12.97,26.03,19.28,29.5,21.62,10.56,0.0,80.96,0.0,0.0,0.2,54.93,0.0,19.88,109224.8,SYNTHETIC
2025-01-12 11:00:00,-5.3,420.72,9.74,13.44,15.01,28.46,19.23,29.5,21.62,10.56,0.0,80.91,0.0,0.0,0.2,52.45,0.0,19.19,109205.6,SYNTHETIC
2025-01-12 12:00:00,-5.13,431.72,9.09,13.77,12.12,25.89,19.06,29.5,21.62,10.56,0.0,80.74,0.0,0.0,0.2,54.85,0.0,19.86,109185.8,SYNTHETIC
2025-01-12 13:00:00,-4.46,423.8,7.79,13.5,7.46,20.96,18.41,29.5,21.62,10.56,0.0,80.09,0.0,0.0,0.2,59.13,0.0,21.06,109164.7,SYNTHETIC
2025-01-12 14:00:00,-5.02,411.69,6.96,13.16,5.19,18.35,18.96,29.5,21.62,10.56,0.0,80.64,0.0,0.0,0.2,62.29,0.0,21.94,109142.8,SYNTHETIC
2025-01-12 15:00:00,-4.12,342.99,7.09,11.01,5.51,16.52,18.08,29.5,21.62,10.56,0.0,79.76,0.0,0.0,0.2,63.24,0.0,22.21,109120.6,SYNTHETIC
2025-01-12 16:00:00,-4.28,301.29,7.56,9.72,6.78,16.5,18.23,29.5,21.62,10.56,0.0,79.91,0.0,0.0,0.2,63.41,0.0,22.25,109098.3,SYNTHETIC
2025-01-12 17:00:00,-4.8,211.15,7.41,6.89,6.36,13.25,18.74,29.5,21.62,10.56,0.0,80.42,0.0,0.0,0.2,67.17,0.0,23.31,109075.0,SYNTHETIC
2025-01-12 18:00:00,-5.08,129.12,8.01,4.26,8.15,12.41,19.02,29.5,21.62,10.56,0.0,80.7,0.0,0.0,0.2,68.29,0.0,23.62,109051.4,SYNTHETIC
2025-01-12 19:00:00,-4.87,66.04,6.79,2.19,4.79,6.98,18.81,29.5,21.62,10.56,0.0,80.49,0.0,0.0,0.2,73.51,0.0,25.08,109026.3,SYNTHETIC
2025-01-12 20:00:00,-5.01,23.46,8.83,0.78,11.07,11.85,18.95,29.5,21.62,10.56,0.0,80.63,0.0,0.0,0.2,68.78,0.0,23.76,109002.6,SYNTHETIC
2025-01-12 21:00:00,-4.87,7.13,6.94,0.24,5.14,5.38,18.81,29.5,21.62,10.56,0.0,80.49,0.0,0.0,0.2,75.11,0.0,25.53,108977.0,SYNTHETIC
2025-01-12 22:00:00,-4.1,12.18,6.93,0.41,5.12,5.52,18.06,29.5,15.98,6.16,0.0,69.7,0.0,0.0,0.2,64.18,0.0,22.47,108954.6,SYNTHETIC
2025-01-12 23:00:00,-5.07,0.0,7.16,0.0,5.69,5.69,19.01,29.5,15.98,6.16,0.0,70.65,0.0,0.0,0.2,64.96,0.0,22.69,108931.9,SYNTHETIC
2025-01-13 00:00:00,-5.32,11.05,6.15,0.37,3.44,3.81,19.25,29.5,15.98,6.16,0.0,70.89,0.0,0.0,0.2,67.08,0.0,23.28,108908.6,SYNTHETIC
2025-01-13 01:00:00,-4.59,0.0,5.91,0.0,3.0,3.0,18.54,29.5,15.98,6.16,0.0,70.18,0.0,0.0,0.2,67.18,0.0,23.31,108885.3,SYNTHETIC
2025-01-13 02:00:00,-4.67,0.0,4.97,0.0,1.6,1.6,18.61,29.5,15.98,6.16,0.0,70.25,0.0,0.0,0.2,68.65,0.0,23.72,108861.6,SYNTHETIC
2025-01-13 03:00:00,-4.39,0.0,5.34,0.0,2.1,2.1,18.34,29.5,15.98,6.16,0.0,69.98,0.0,0.0,0.2,67.88,0.0,23.51,108838.0,SYNTHETIC
2025-01-13 04:00:00,-3.9,37.23,4.97,1.23,1.6,2.84,17.86,29.5,15.98,6.16,0.0,69.5,0.0,0.0,0.2,66.66,0.0,23.17,108814.9,SYNTHETIC
2025-01-13 05:00:00,-3.89,69.88,4.76,2.31,1.35,3.66,17.85,29.5,15.98,6.16,0.0,69.49,0.0,0.0,0.2,65.83,0.0,22.93,108791.9,SYNTHETIC
2025-01-13 06:00:00,-4.21,159.16,6.87,5.21,4.97,10.19,18.17,29.5,15.98,6.16,0.0,69.81,0.0,0.0,0.2,59.62,0.0,21.19,108770.8,SYNTHETIC
2025-01-13 07:00:00,-4.24,214.78,6.16,6.99,3.46,10.45,18.19,29.5,21.62,10.56,0.0,79.87,0.0,0.0,0.2,69.42,0.0,23.94,108746.8,SYNTHETIC
2025-01-13 08:00:00,-4.32,284.99,8.59,9.21,10.16,19.37,18.27,29.5,21.62,10.56,0.0,79.95,0.0,0.0,0.2,60.58,0.0,21.46,108725.4,SYNTHETIC
2025-01-13 09:00:00,-4.27,347.64,8.82,11.16,11.03,22.19,18.22,29.5,21.62,10.56,0.0,79.9,0.0,0.0,0.2,57.71,0.0,20.66,108704.7,SYNTHETIC
2025-01-13 10:00:00,-4.14,364.6,8.87,11.68,11.23,22.9,18.1,29.5,21.62,10.56,0.0,79.78,0.0,0.0,0.2,56.88,0.0,20.43,108684.3,SYNTHETIC
2025-01-13 11:00:00,-4.47,374.64,7.57,12.0,6.81,18.81,18.42,29.5,21.62,10.56,0.0,80.1,0.0,0.0,0.2,61.29,0.0,21.66,108662.6,SYNTHETIC
2025-01-13 12:00:00,-3.95,399.34,7.4,12.73,6.33,19.06,17.91,29.5,21.62,10.56,0.0,79.59,0.0,0.0,0.2,60.53,0.0,21.45,108641.2,SYNTHETIC
2025-01-13 13:00:00,-3.97,388.52,7.14,12.4,5.64,18.04,17.93,29.5,21.62,10.56,0.0,79.61,0.0,0.0,0.2,61.57,0.0,21.74,108619.4,SYNTHETIC
2025-01-13 14:00:00,-3.68,374.6,5.71,11.96,2.66,14.63,17.65,29.5,21.62,10.56,0.0,79.33,0.0,0.0,0.2,64.7,0.0,22.62,108596.8,SYNTHETIC
2025-01-13 15:00:00,-3.57,285.62,4.35,9.21,0.93,10.13,17.54,29.5,21.62,10.56,0.0,79.22,0.0,0.0,0.2,69.09,0.0,23.84,108573.0,SYNTHETIC
2025-01-13 16:00:00,-3.47,271.07,5.43,8.75,2.23,10.98,17.44,29.5,21.62,10.56,0.0,79.12,0.0,0.0,0.2,68.14,0.0,23.58,108549.4,SYNTHETIC
2025-01-13 17:00:00,-3.49,196.74,6.19,6.4,3.52,9.92,17.46,29.5,21.62,10.56,0.0,79.14,0.0,0.0,0.2,69.22,0.0,23.88,108525.5,SYNTHETIC
2025-01-13 18:00:00,-3.16,102.8,6.2,3.38,3.54,6.91,17.14,29.5,21.62,10.56,0.0,78.82,0.0,0.0,0.2,71.91,0.0,24.63,108500.9,SYNTHETIC
2025-01-13 19:00:00,-3.12,67.02,6.45,2.21,4.04,6.25,17.1,29.5,21.62,10.56,0.0,78.78,0.0,0.0,0.2,72.53,0.0,24.81,108476.1,SYNTHETIC
2025-01-13 20:00:00,-3.23,19.12,6.62,0.63,4.4,5.04,17.21,29.5,21.62,10.56,0.0,78.89,0.0,0.0,0.2,73.85,0.0,25.18,108450.9,SYNTHETIC
2025-01-13 21:00:00,-3.87,5.79,5.88,0.19,2.95,3.14,17.83,29.5,21.62,10.56,0.0,79.51,0.0,0.0,0.2,76.37,0.0,25.88,108425.0,SYNTHETIC
2025-01-13 22:00:00,-3.65,0.0,6.63,0.0,4.43,4.43,17.62,29.5,15.98,6.16,0.0,69.26,0.0,0.0,0.2,64.83,0.0,22.65,108402.3,SYNTHETIC
2025-01-13 23:00:00,-4.0,4.84,5.66,0.16,2.58,2.74,17.96,29.5,15.98,6.16,0.0,69.6,0.0,0.0,0.2,66.86,0.0,23.22,108379.1,SYNTHETIC
2025-01-14 00:00:00,-4.53,3.36,6.01,0.11,3.18,3.29,18.48,29.5,15.98,6.16,0.0,70.12,0.0,0.0,0.2,66.83,0.0,23.21,108355.9,SYNTHETIC
2025-01-14 01:00:00,-4.34,9.52,5.76,0.32,2.75,3.06,18.29,29.5,15.98,6.16,0.0,69.93,0.0,0.0,0.2,66.87,0.0,23.22,108332.7,SYNTHETIC
2025-01-14 02:00:00,-4.92,9.21,7.43,0.31,6.41,6.72,18.86,29.5,15.98,6.16,0.0,70.5,0.0,0.0,0.2,63.78,0.0,22.36,108310.3,SYNTHETIC
2025-01-14 03:00:00,-5.65,0.36,7.59,0.01,6.87,6.88,19.57,29.5,15.98,6.16,0.0,71.21,0.0,0.0,0.2,64.33,0.0,22.51,108287.8,SYNTHETIC
2025-01-14 04:00:00,-5.58,11.11,8.1,0.37,8.44,8.81,19.5,29.5,15.98,6.16,0.0,71.14,0.0,0.0,0.2,62.33,0.0,21.95,108265.9,SYNTHETIC
2025-01-14 05:00:00,-5.92,74.72,7.67,2.49,7.1,9.58,19.84,29.5,15.98,6.16,0.0,71.48,0.0,0.0,0.2,61.9,0.0,21.83,108244.0,SYNTHETIC
2025-01-14 06:00:00,-5.73,145.71,8.59,4.81,10.16,14.96,19.65,29.5,15.98,6.16,0.0,71.29,0.0,0.0,0.2,56.33,0.0,20.27,108223.8,SYNTHETIC
2025-01-14 07:00:00,-5.76,234.3,8.7,7.66,10.57,18.22,19.68,29.5,21.62,10.56,0.0,81.36,0.0,0.0,0.2,63.14,0.0,22.18,108201.6,SYNTHETIC
2025-01-14 08:00:00,-5.53,308.66,6.35,9.99,3.83,13.83,19.46,29.5,21.62,10.56,0.0,81.14,0.0,0.0,0.2,67.31,0.0,23.35,108178.2,SYNTHETIC
2025-01-14 09:00:00,-6.67,357.08,5.35,11.55,2.11,13.66,20.57,29.5,21.62,10.56,0.0,82.25,0.0,0.0,0.2,68.59,0.0,23.71,108154.5,SYNTHETIC
2025-01-14 10:00:00,-6.1,384.94,4.65,12.39,1.23,13.62,20.01,29.5,21.62,10.56,0.0,81.69,0.0,0.0,0.2,68.07,0.0,23.56,108131.0,SYNTHETIC
2025-01-14 11:00:00,-6.34,391.51,4.63,12.6,1.21,13.81,20.25,29.5,21.62,10.56,0.0,81.93,0.0,0.0,0.2,68.12,0.0,23.57,108107.4,SYNTHETIC
2025-01-14 12:00:00,-5.61,395.77,4.01,12.7,0.63,13.32,19.53,29.5,21.62,10.56,0.0,81.21,0.0,0.0,0.2,67.89,0.0,23.51,108083.9,SYNTHETIC
2025-01-14 13:00:00,-5.75,363.99,2.63,11.72,0.0,11.72,19.67,29.5,21.62,10.56,0.0,81.35,0.0,0.0,0.2,69.63,0.0,24.0,108059.9,SYNTHETIC
2025-01-14 14:00:00,-6.26,359.63,4.7,11.61,1.29,12.9,20.17,29.5,21.62,10.56,0.0,81.85,0.0,0.0,0.2,68.95,0.0,23.81,108036.1,SYNTHETIC
2025-01-14 15:00:00,-5.92,341.33,4.18,11.03,0.77,11.8,19.84,29.5,21.62,10.56,0.0,81.52,0.0,0.0,0.2,69.72,0.0,24.02,108012.1,SYNTHETIC
2025-01-14 16:00:00,-6.19,282.88,4.02,9.21,0.64,9.84,20.1,29.5,21.62,10.56,0.0,81.78,0.0,0.0,0.2,71.94,0.0,24.64,107987.4,SYNTHETIC
2025-01-14 17:00:00,-6.06,204.24,4.3,6.7,0.88,7.58,19.97,29.5,21.62,10.56,0.0,81.65,0.0,0.0,0.2,74.07,0.0,25.24,107962.2,SYNTHETIC
2025-01-14 18:00:00,-5.55,135.1,6.0,4.46,3.16,7.62,19.48,29.5,21.62,10.56,0.0,81.16,0.0,0.0,0.2,73.54,0.0,25.09,107937.1,SYNTHETIC
2025-01-14 19:00:00,-5.11,88.63,6.59,2.94,4.34,7.27,19.05,29.5,21.62,10.56,0.0,80.73,0.0,0.0,0.2,73.46,0.0,25.07,107912.0,SYNTHETIC
2025-01-14 20:00:00,-5.24,20.03,6.51,0.67,4.17,4.83,19.17,29.5,21.62,10.56,0.0,80.85,0.0,0.0,0.2,76.02,0.0,25.78,107886.2,SYNTHETIC
2025-01-14 21:00:00,-5.49,9.26,7.1,0.31,5.54,5.85,19.42,29.5,21.62,10.56,0.0,81.1,0.0,0.0,0.2,75.25,0.0,25.57,107860.7,SYNTHETIC
2025-01-14 22:00:00,-5.06,4.99,7.14,0.17,5.64,5.81,19.0,29.5,15.98,6.16,0.0,70.64,0.0,0.0,0.2,64.83,0.0,22.65,107838.0,SYNTHETIC
2025-01-14 23:00:00,-4.18,5.24,7.45,0.17,6.47,6.64,18.14,29.5,15.98,6.16,0.0,69.78,0.0,0.0,0.2,63.14,0.0,22.18,107815.8,SYNTHETIC
